epoch,step,val_loss
0,2,0.12378901243209839
1,5,0.1221638098359108
